{
    "CALICE (RDP)": {
        "beta_2.0 (paper)": {
            "bpp": [0.22766791449652776, 0.32413736979166663, 0.45504760742187494, 0.622890896267361, 0.8214280870225695, 0.9894205729166669],
            "psnr": [30.00228524208069, 31.573190768559773, 33.211935679117836, 34.86205395062765, 36.403486569722496, 36.96265967686971],
            "lpips": [0.10169253932933013, 0.07167699017251532, 0.047299583132068314, 0.030998793547041714, 0.021376210846938193, 0.017979055604276557]
        },
        "beta_0.0 (paper)": {
            "bpp": [0.1548834906684028, 0.2316182454427084, 0.342681884765625, 0.4948560926649306, 0.6948377821180557, 0.9030320909288193],
            "psnr": [29.036211252212524, 30.609512329101562, 32.335061152776085, 34.173424243927, 36.083434104919434, 37.676036516825356],
            "lpips": [0.3031796105206013, 0.23411354143172503, 0.1723542052010695, 0.12145580118522048, 0.0851089396358778, 0.0638029348726074]
        }
    }
    
}