{
    "CALICE-STF (mse)": {
        "bpp": [0.15380181206597224, 0.18919881184895834, 0.23108249240451384, 0.3423326280381945, 0.45192464192708326, 0.5393507215711807, 0.6395026312934028, 0.7500101725260416, 0.8584730360243057, 0.9030320909288193],
        "psnr": [29.03133487701416, 29.80526320139567, 30.61478304862976, 32.33712315559387, 33.70567464828491, 34.6375142733256, 35.59681415557861, 36.5421347618103, 37.35860872268677, 37.676036516825356]

    },
    "CALICE-TCM (mse)": {
        "psnr": [ 29.99919621149699, 30.765966653823853, 31.540050983428955, 33.14232142766317, 34.36764987309774, 35.18368911743164, 35.99906349182129, 36.7980907758077, 37.57192341486613, 37.94318866729736],
        "bpp": [0.18902588045845428,0.22782389322916666,0.2734307174881299,0.3860711008310318,0.4901360397537549,0.5689697191119194,0.6551411934196949,0.7479451435307661,0.8472900427877903,0.899288609623909]
    },
    "CALICE-Cheng (mse)": {
        "bpp": [0.16434733072916666, 0.23450046115451387, 0.30167304144965285, 0.3571675618489583, 0.403717041015625, 0.44415622287326384, 0.4803941514756944, 0.5135023328993055, 0.5438842773437502, 0.5714823404947916, 0.5976528591579862, 0.6220330132378472, 0.6447211371527778, 0.6662495930989584, 0.6870083279079862, 0.7072075737847222, 0.7267930772569443, 0.7461615668402778, 0.7655809190538193, 0.7853224012586804, 0.8059149848090278],
        "psnr":[29.158296187718708, 30.598982095718384, 31.685020605723064, 32.46097501118978, 33.05436563491821, 33.5401717821757, 33.94243208567301, 34.2930961449941, 34.60348526636759, 34.87506985664368, 35.122013886769615, 35.34422993659973, 35.54385566711426, 35.73046064376831, 35.90301704406738, 36.065091133117676, 36.213785330454506, 36.35394970575968, 36.47810204823812, 36.562314669291176, 36.59336487452189]
    },


    "CALICE-STF (MS-SSIM)": {
        "bpp": [0.130157470703125, 0.15618218315972224, 0.1864013671875, 0.2630411783854167, 0.3372768825954861, 0.3963792588975694, 0.46323310004340285, 0.537289089626736, 0.6181810167100693, 0.6603800455729165],
        "mssim": [0.9429902036984762, 0.9522587582468987, 0.9600571592648824, 0.97232107569774, 0.9791012679537138, 0.9826277593771616, 0.9855267132321993, 0.9878648767868677, 0.9897339095671972, 0.9905187338590622]
    },
    "CALICE-STF (LPIPS)": {
        "bpp": [0.1625535753038194, 0.1995137532552083, 0.24389309353298613, 0.36018880208333326, 0.47729492187500006, 0.5712958441840277, 0.675655788845486, 0.7837626139322916, 0.8826260036892362, 0.9235365125868054],
        "lpips": [0.2031744522973895, 0.17009774936983982, 0.14090816273043552, 0.09318104246631265, 0.0664258476657172, 0.05285830027423799, 0.042590321972966194, 0.034571601931626596, 0.03023699577897787, 0.029441069539946813]
    }

    
}